{"stats":{"minecraft:picked_up":{"minecraft:stick":2,"minecraft:crafting_table":1,"minecraft:blue_orchid":1,"minecraft:diamond":1,"minecraft:oak_log":3,"minecraft:glow_berries":3},"minecraft:mined":{"minecraft:large_fern":7,"minecraft:grass":8,"minecraft:oak_log":3,"minecraft:cave_vines":3,"minecraft:dead_bush":2,"minecraft:blue_orchid":1,"minecraft:crafting_table":1,"minecraft:cave_vines_plant":1},"minecraft:dropped":{"minecraft:diamond":1,"patchouli:guide_book":1},"minecraft:custom":{"minecraft:open_barrel":2,"minecraft:time_since_rest":6066,"minecraft:crouch_one_cm":71,"minecraft:play_time":6066,"minecraft:sprint_one_cm":10617,"minecraft:walk_one_cm":7166,"minecraft:sneak_time":85,"minecraft:drop":2,"minecraft:jump":72,"minecraft:leave_game":1,"minecraft:time_since_death":6066,"minecraft:total_world_time":6066,"minecraft:fall_one_cm":627,"minecraft:fly_one_cm":17543},"minecraft:crafted":{"minecraft:oak_planks":12}},"DataVersion":3465}